,整数位,小数位,LAMBDA
1,-5,78218259739644 ,-5.782182597
2,-5,78218259739232 ,-5.782182597
3,-5,12219457844626 ,-5.122194578
4,-4,44215777165027 ,-4.442157772
5,-3,16392184708104 ,-3.163921847
6,-4,72692099639934 ,-4.726920996
7,-3,53976344121542 ,-3.539763441
8,-5,78078291712403 ,-5.780782917
9,-5,78218259739644 ,-5.782182597
10,-3,63856002189043 ,-3.638560022
11,-5,78218259780425 ,-5.782182598
12,-3,49018128704365 ,-3.490181287
13,-5,77858459617027 ,-5.778584596
14,-5,77914645564572 ,-5.779146456
15,-5,77811609000153 ,-5.77811609
16,-8,13857006185167 ,-8.138570062
17,-3,4404445772864 ,-3.044044458
18,-2,2599195761332 ,-2.025991958
19,-8,138570062333 ,-8.001385701
20,-8,138570062333 ,-8.001385701
21,-5,78078291712403 ,-5.780782917
22,-8,138570062333 ,-8.001385701
23,-5,78078291712403 ,-5.780782917
24,-1,61133630410684 ,-1.611336304
25,-5,12276867304164 ,-5.122768673
26,-4,40361426131879 ,-4.403614261
27,-3,34165620722806 ,-3.341656207
28,-3,44450923709462 ,-3.444509237
29,-5,12008702708841 ,-5.120087027
30,-8,138570062333 ,-8.001385701
31,-5,13381660121863 ,-5.133816601
32,-2,66928559744016 ,-2.669285597
33,-5,77984822747984 ,-5.779848227
34,-3,12906892560448 ,-3.129068926
35,-3,34954850199483 ,-3.349548502
36,-1,96888792810234 ,-1.968887928
37,-1,19944290257037 ,-1.199442903
38,-8,138570062333 ,-8.001385701
39,-3,75300141063611 ,-3.753001411
40,-5,12450611914473 ,-5.124506119
41,-3,777751273412 ,-3.007777513
42,-8,13857006229881 ,-8.138570062
43,-2,75884722265611 ,-2.758847223
44,-5,78218259739644 ,-5.782182597
45,-5,78497181594147 ,-5.784971816
46,-3,35993615078257 ,-3.359936151
47,-2,9262475235787 ,-2.092624752
48,-1,25469445368785 ,-1.254694454
49,-8,13857006231022 ,-8.138570062
50,0,61572792870313 ,-0.615727929
51,-5,78078291712403 ,-5.780782917
52,-5,11737384831096 ,-5.117373848
53,-4,73867839833682 ,-4.738678398
54,-2,2576973350468 ,-2.025769734
55,-5,78218259739644 ,-5.782182597
56,-5,13381660121863 ,-5.133816601
57,-5,78078291712403 ,-5.780782917
58,-8,138570062333 ,-8.001385701
59,-5,78078291712403 ,-5.780782917
60,-3,43280113559318 ,-3.432801136
61,-5,78218259739644 ,-5.782182597
62,-5,12464461770859 ,-5.124644618
63,-8,138570062333 ,-8.001385701
64,1,74228894032291 ,0.25771106
65,-8,138570062333 ,-8.001385701
66,-3,17816185072764 ,-3.178161851
67,-8,138570062333 ,-8.001385701
68,-5,78078291712403 ,-5.780782917
69,-5,12286349286061 ,-5.122863493
70,-4,24071145487907 ,-4.240711455
71,-5,13103577409843 ,-5.131035774
72,0,991591300881341 ,-9.915913009
73,-8,138570062333 ,-8.001385701
74,-1,73264401971593 ,-1.73264402
75,0,793628685049406 ,-7.93628685
76,-3,5620212147131 ,-3.056202121
77,-3,20984072102524 ,-3.209840721
78,0,573323488240788 ,-5.733234882
79,-4,45281442040246 ,-4.45281442
80,-3,49854876280285 ,-3.498548763
81,-4,75019045024872 ,-4.75019045
82,-5,78218259739644 ,-5.782182597
83,-5,1150293319447 ,-5.011502933
84,-5,77858459617027 ,-5.778584596
85,-3,84846284711541 ,-3.848462847
86,-5,77449759860058 ,-5.774497599
87,-5,12684636355764 ,-5.126846364
88,-1,35676194462454 ,-1.356761945
89,0,492039828045848 ,-4.92039828
90,-4,24638209420523 ,-4.246382094
91,-3,5286211025076 ,-3.05286211
92,-5,77651223271126 ,-5.776512233
93,-5,11382245434154 ,-5.113822454
94,-4,5732878513787 ,-4.057328785
95,-5,77984822747984 ,-5.779848227
96,-5,77488300682353 ,-5.774883007
97,-3,3568826352777 ,-3.035688264
98,-5,78218259739644 ,-5.782182597
99,-5,12684636355764 ,-5.126846364
100,-5,77606069227735 ,-5.776060692
101,-5,117963633947 ,-5.001179636
102,-5,78497181594147 ,-5.784971816
103,-5,12684636355764 ,-5.126846364
104,-3,51226562285897 ,-3.512265623
105,-3,31817575014366 ,-3.31817575
106,-8,138570062333 ,-8.001385701
107,-1,17875457328069 ,-1.178754573
108,-5,78218259739644 ,-5.782182597
109,-4,74294946861949 ,-4.742949469
110,-8,138570062333 ,-8.001385701
111,-5,12824742677934 ,-5.128247427
112,-5,77704984809614 ,-5.777049848
113,0,531268462400187 ,-5.312684624
114,-8,138570062333 ,-8.001385701
115,-5,12380225951934 ,-5.12380226
116,-5,77914645564572 ,-5.779146456
117,-5,78218259739644 ,-5.782182597
118,-8,138570062333 ,-8.001385701
119,-3,65672838519126 ,-3.656728385
120,-8,13857006226358 ,-8.138570062
121,-2,10472746920191 ,-2.104727469
122,-4,22848465662559 ,-4.228484657
123,-8,138570062333 ,-8.001385701
124,-8,138570062333 ,-8.001385701
125,-8,138570062333 ,-8.001385701
126,-4,74741442265643 ,-4.747414423
127,-4,75019045024103 ,-4.75019045
128,-8,138570062333 ,-8.001385701
129,-2,10406089834951 ,-2.104060898
130,-5,77984822747984 ,-5.779848227
131,-4,22462803150963 ,-4.224628032
132,-3,35448078326503 ,-3.354480783
133,-3,76051327514711 ,-3.760513275
134,-5,78078291712403 ,-5.780782917
135,-1,52246938132733 ,-1.522469381
136,-8,138570062333 ,-8.001385701
137,-5,7791464556522 ,-5.077914646
138,-5,78218259739644 ,-5.782182597
139,-8,138570062333 ,-8.001385701
140,-5,78078291712403 ,-5.780782917
141,-8,138570062333 ,-8.001385701
142,-5,78497181594147 ,-5.784971816
143,-5,77517257413978 ,-5.775172574
144,-8,138570062333 ,-8.001385701
145,-5,78497181594147 ,-5.784971816
146,-5,12544339874314 ,-5.125443399
147,-5,78497184790878 ,-5.784971848
148,-8,138570062333 ,-8.001385701
149,-5,78218259739235 ,-5.782182597
150,-2,7722426748339 ,-2.077224267
151,-5,78497181594147 ,-5.784971816
152,-8,138570062333 ,-8.001385701
153,-5,13103577409843 ,-5.131035774
154,-8,138570062333 ,-8.001385701
155,-4,73182777664654 ,-4.731827777
156,-4,24994701412871 ,-4.249947014
157,-4,18964686746868 ,-4.189646867
158,-5,12417508478388 ,-5.124175085
159,-3,76619111893653 ,-3.766191119
160,-4,21850667003789 ,-4.21850667
161,-5,78218259739644 ,-5.782182597
162,-4,45118475099959 ,-4.451184751
163,0,451747696892178 ,-4.517476969
164,-8,138570062333 ,-8.001385701
165,-8,138570062333 ,-8.001385701
166,-5,77984822747984 ,-5.779848227
167,-5,77449759860058 ,-5.774497599
168,-8,138570062333 ,-8.001385701
169,-2,80053978650482 ,-2.800539787
170,-1,73862891813646 ,-1.738628918
171,-5,77771430857677 ,-5.777714309
172,-5,77984822747984 ,-5.779848227
173,-8,138570062333 ,-8.001385701
174,-8,138570062333 ,-8.001385701
175,-5,11092707987927 ,-5.11092708
176,-5,77704984809614 ,-5.777049848
177,-5,78078291712403 ,-5.780782917
178,-5,78078291712403 ,-5.780782917
179,-3,24821441168839 ,-3.248214412
180,-2,80143693423403 ,-2.801436934
181,-5,77984822747573 ,-5.779848227
182,-5,77585936284209 ,-5.775859363
183,-3,16531168508833 ,-3.165311685
184,-5,13381660121863 ,-5.133816601
185,-8,1385700623322 ,-8.013857006
186,-8,138570062333 ,-8.001385701
187,-2,91001302022823 ,-2.91001302
188,-5,11593929494905 ,-5.115939295
189,-4,4186818723502 ,-4.041868187
190,0,332546651861786 ,-3.325466519
191,-5,77341318114914 ,-5.773413181
192,-3,90673523015716 ,-3.90673523
193,-4,46198454384532 ,-4.461984544
194,-5,12453186651447 ,-5.124531867
195,-4,3899362799426 ,-4.038993628
196,-5,78218259739644 ,-5.782182597
197,-3,21282084948982 ,-3.212820849
198,-5,77914645564572 ,-5.779146456
199,-8,138570062333 ,-8.001385701
200,-2,6338362075822 ,-2.063383621
201,-5,76620150043372 ,-5.7662015
202,-4,72327015899245 ,-4.723270159
203,-8,138570062333 ,-8.001385701
204,0,890950511963331 ,-8.90950512
205,-8,138570062333 ,-8.001385701
206,-8,13855429780412 ,-8.138554298
207,-5,77914645564572 ,-5.779146456
208,-3,34567405993304 ,-3.34567406
209,-5,7798482289936 ,-5.077984823
210,-5,77474862311027 ,-5.774748623
211,-5,77984822747984 ,-5.779848227
212,-5,78078291712403 ,-5.780782917
213,-8,1385700621553 ,-8.013857006
214,-3,25369960548542 ,-3.253699605
215,-1,70627707667891 ,-1.706277077
216,-5,78218259739644 ,-5.782182597
217,-3,4278543871434 ,-3.042785439
218,-5,78218259739644 ,-5.782182597
219,-3,74967692105638 ,-3.749676921
220,-3,90282704370797 ,-3.902827044
221,-8,138570062333 ,-8.001385701
222,-8,138570062333 ,-8.001385701
223,-8,138570062333 ,-8.001385701
224,-3,74983519629872 ,-3.749835196
225,-4,72988140190535 ,-4.729881402
226,-5,12450611914473 ,-5.124506119
227,-5,13103577409843 ,-5.131035774
228,-5,10578978680937 ,-5.105789787
229,-5,78078291712403 ,-5.780782917
230,-4,5502373258439 ,-4.055023733
231,-8,138570062333 ,-8.001385701
232,-8,138570062333 ,-8.001385701
233,-4,453464436167 ,-4.004534644
234,-5,78218259739644 ,-5.782182597
235,-5,77019590208539 ,-5.770195902
236,-4,7354026145833 ,-4.073540261
237,0,346447602032586 ,-3.46447602
238,-3,21708173170325 ,-3.217081732
239,-8,13857006233208 ,-8.138570062
240,-8,138570062333 ,-8.001385701
241,-2,2130118328056 ,-2.021301183
242,-8,13857006233307 ,-8.138570062
243,-8,138570062333 ,-8.001385701
244,-5,77349630100592 ,-5.773496301
245,-8,138570062333 ,-8.001385701
246,-5,77676827995591 ,-5.77676828
247,-8,138570062333 ,-8.001385701
248,-8,138570062333 ,-8.001385701
249,-4,42031053818812 ,-4.420310538
250,-1,1325524845744 ,-1.013255248
251,-5,12684636355763 ,-5.126846364
252,-5,77914645564572 ,-5.779146456
253,-8,138570062333 ,-8.001385701
254,-5,78078291712403 ,-5.780782917
255,-5,77585936284209 ,-5.775859363
256,-3,44581910984921 ,-3.44581911
257,-8,138570062333 ,-8.001385701
258,-5,77704984809614 ,-5.777049848
259,-4,44975886112221 ,-4.449758861
260,-5,77704984809614 ,-5.777049848
261,-5,12870501397431 ,-5.128705014
262,-1,40107327473317 ,-1.401073275
263,-5,78218259739644 ,-5.782182597
264,-5,77651223270475 ,-5.776512233
265,-4,43743855140113 ,-4.437438551
266,-8,138570062333 ,-8.001385701
267,-2,29228373380857 ,-2.292283734
268,-5,78078291712403 ,-5.780782917
269,-5,12684636355764 ,-5.126846364
270,-2,1769980806083 ,-2.017699808
271,-8,138570062333 ,-8.001385701
272,-5,77811609000153 ,-5.77811609
273,-8,13857006215465 ,-8.138570062
274,-5,78497181594147 ,-5.784971816
275,-8,138570062333 ,-8.001385701
276,-3,31053636424658 ,-3.310536364
277,-4,2318423850573 ,-4.023184239
278,-5,13381660121863 ,-5.133816601
279,-5,78218259739644 ,-5.782182597
280,-4,74741441134619 ,-4.747414411
281,0,875997601066371 ,-8.759976011
282,-4,73808696562868 ,-4.738086966
283,-5,12323866271246 ,-5.123238663
284,-5,77811609000153 ,-5.77811609
285,-8,138570062333 ,-8.001385701
286,-4,20386956327593 ,-4.203869563
287,-8,138570062333 ,-8.001385701
288,-2,55650977873402 ,-2.556509779
289,-1,31285793698195 ,-1.312857937
290,-8,138570062333 ,-8.001385701
291,-5,77858459617027 ,-5.778584596
292,-5,77858459617027 ,-5.778584596
293,-1,80376280824545 ,-1.803762808
294,-8,138570062333 ,-8.001385701
295,-5,13381660121863 ,-5.133816601
296,-8,138570062333 ,-8.001385701
297,-3,56713009233309 ,-3.567130092
298,-3,56809973270841 ,-3.568099733
299,-5,78218259739644 ,-5.782182597
300,-5,77914645564572 ,-5.779146456
301,-5,12824742677564 ,-5.128247427
302,-5,77704984809614 ,-5.777049848
303,-5,12697461706894 ,-5.126974617
304,-5,11832667821152 ,-5.118326678
305,-5,78218259739644 ,-5.782182597
306,-5,78218259780425 ,-5.782182598
307,-5,77858459617027 ,-5.778584596
308,-8,138570062333 ,-8.001385701
309,-8,138570062333 ,-8.001385701
310,-5,77676827995591 ,-5.77676828
311,-8,138570062333 ,-8.001385701
312,-5,78497181594147 ,-5.784971816
313,-2,69629841501976 ,-2.696298415
314,-5,77858459617027 ,-5.778584596
315,-8,138570062333 ,-8.001385701
316,-5,13103577409287 ,-5.131035774
317,-5,12310701487927 ,-5.123107015
318,-5,9394537752519 ,-5.093945378
319,-4,75019045024872 ,-4.75019045
320,-5,78078291712403 ,-5.780782917
321,-1,32022686883724 ,-1.320226869
322,-8,138570062333 ,-8.001385701
323,-8,138570062333 ,-8.001385701
324,-4,3789850797006 ,-4.037898508
325,-3,72879073739942 ,-3.728790737
326,-5,13381660121863 ,-5.133816601
327,-2,91676432512925 ,-2.916764325
328,-8,138570062333 ,-8.001385701
329,-4,22538862393301 ,-4.225388624
330,-5,13381660121863 ,-5.133816601
331,-8,138570062333 ,-8.001385701
332,-2,74241748613628 ,-2.742417486
333,-8,138570062333 ,-8.001385701
334,-8,138570062333 ,-8.001385701
335,-5,76687988144612 ,-5.766879881
336,-8,138570062333 ,-8.001385701
337,-5,77858459617027 ,-5.778584596
338,-5,77914645564162 ,-5.779146456
339,-8,138570062333 ,-8.001385701
340,-1,99044147968203 ,-1.99044148
341,-8,138570062333 ,-8.001385701
342,-4,73142116754489 ,-4.731421168
343,-8,1385700621554 ,-8.013857006
344,-3,11291862180058 ,-3.112918622
345,-4,46337769309675 ,-4.463377693
346,-1,72691568903464 ,-1.726915689
347,-4,20103936619175 ,-4.201039366
348,-8,138570062333 ,-8.001385701
349,-8,138570062333 ,-8.001385701
350,-8,138570062333 ,-8.001385701
351,1,11412367274041 ,0.885876327
352,-3,69309245535449 ,-3.693092455
353,-8,13856740187355 ,-8.138567402
354,-5,11951163536503 ,-5.119511635
355,-8,138570062333 ,-8.001385701
356,-8,138570062333 ,-8.001385701
357,-4,24140735376552 ,-4.241407354
358,-8,138570062333 ,-8.001385701
359,-8,138570062333 ,-8.001385701
360,-2,27191832629935 ,-2.271918326
361,-3,89861765208071 ,-3.898617652
362,-5,77914645564572 ,-5.779146456
363,-5,77858459617027 ,-5.778584596
364,-5,78218259739644 ,-5.782182597
365,-2,70751968583751 ,-2.707519686
366,-3,7907218879455 ,-3.079072189
367,-4,73137045121112 ,-4.731370451
368,-5,77858459617027 ,-5.778584596
369,-8,138570062333 ,-8.001385701
370,-8,138570062333 ,-8.001385701
371,-5,12377273929869 ,-5.123772739
372,-8,13857006221909 ,-8.138570062
373,0,55930986014821 ,-0.55930986
374,-3,3432741759509 ,-3.034327418
375,-5,77858459617027 ,-5.778584596
376,-8,13857006233307 ,-8.138570062
377,-5,78218259739644 ,-5.782182597
378,-2,92251035754556 ,-2.922510358
379,-3,76605756607994 ,-3.766057566
380,-5,12800400907869 ,-5.128004009
381,-8,138570062333 ,-8.001385701
382,-8,138570062333 ,-8.001385701
383,-8,138570062333 ,-8.001385701
384,-8,13857006228618 ,-8.138570062
385,-8,138570062333 ,-8.001385701
386,-5,77858459617027 ,-5.778584596
387,-8,13854837275656 ,-8.138548373
388,-3,11585239226168 ,-3.115852392
389,0,138180527920827 ,-1.381805279
390,-8,138570062333 ,-8.001385701
391,-8,138570062333 ,-8.001385701
392,-8,138570062333 ,-8.001385701
393,-2,83235836171368 ,-2.832358362
394,-4,24348403552763 ,-4.243484036
395,-3,58374278924921 ,-3.583742789
396,-8,138570062333 ,-8.001385701
397,-5,1165714383013 ,-5.011657144
398,-5,77984822747984 ,-5.779848227
399,-8,138570062333 ,-8.001385701
400,-5,76551770060692 ,-5.765517701
401,-5,78078291712403 ,-5.780782917
402,-8,138570062333 ,-8.001385701
403,-5,78218259739644 ,-5.782182597
404,-4,73575029988569 ,-4.7357503
405,-5,77984822747984 ,-5.779848227
406,-5,78497181594147 ,-5.784971816
407,-5,78218259739644 ,-5.782182597
408,-5,1238007639091 ,-5.012380076
409,-5,12323866270871 ,-5.123238663
410,-5,78078291712403 ,-5.780782917
411,-5,77585936284209 ,-5.775859363
412,-4,2316468847072 ,-4.023164688
413,-5,77984822747984 ,-5.779848227
414,-1,99178817397874 ,-1.991788174
415,-5,12744269905451 ,-5.127442699
416,0,531550878415841 ,-5.315508784
417,-5,77651223270475 ,-5.776512233
418,-2,38971728320856 ,-2.389717283
419,-8,138570062333 ,-8.001385701
420,-3,3517652501662 ,-3.035176525
421,-8,13857006233307 ,-8.138570062
422,-5,11806901631893 ,-5.118069016
423,-5,78218259739644 ,-5.782182597
424,-8,13857006229882 ,-8.138570062
425,-8,138570062333 ,-8.001385701
426,-5,77984822747984 ,-5.779848227
427,-3,98816917632164 ,-3.988169176
428,-5,77651223270475 ,-5.776512233
429,-5,78078291712403 ,-5.780782917
430,-5,78218259739644 ,-5.782182597
431,-5,78218259739644 ,-5.782182597
432,-8,138570062333 ,-8.001385701
433,-2,24677625953647 ,-2.24677626
434,-5,76466283016595 ,-5.76466283
435,-5,78218259739644 ,-5.782182597
436,-4,217750026229 ,-4.0021775
437,-8,13857004051675 ,-8.138570041
438,-2,74583416838627 ,-2.745834168
439,-1,46106732212461 ,-1.461067322
440,0,729289397261199 ,-7.292893973
441,-3,16269744864901 ,-3.162697449
442,-2,75695063045784 ,-2.75695063
443,-5,78218259739644 ,-5.782182597
444,-8,138570062333 ,-8.001385701
445,-8,138570062333 ,-8.001385701
446,-4,732942496811 ,-4.007329425
447,-3,61634532503641 ,-3.616345325
448,-4,73331781835866 ,-4.733317818
449,-1,18543379826806 ,-1.185433798
450,-5,77984822747984 ,-5.779848227
451,-3,90292706327206 ,-3.902927063
452,-5,78218259739644 ,-5.782182597
453,-8,138570062333 ,-8.001385701
454,-5,77914645564572 ,-5.779146456
455,-5,78218259739644 ,-5.782182597
456,-8,138570062333 ,-8.001385701
457,-3,73847033264105 ,-3.738470333
458,-8,138570062333 ,-8.001385701
459,-5,78218259739644 ,-5.782182597
460,-4,72100724894119 ,-4.721007249
461,-4,23722959277962 ,-4.237229593
462,-4,5174654590002 ,-4.051746546
463,-1,57559685246548 ,-1.575596852
464,-4,4498142640289 ,-4.044981426
465,-5,11847376250717 ,-5.118473763
466,-4,74741441134619 ,-4.747414411
467,-8,138570062333 ,-8.001385701
468,-8,138570062333 ,-8.001385701
469,-4,4606046641187 ,-4.046060466
470,-8,138570062333 ,-8.001385701
471,-3,87588085129786 ,-3.875880851
472,-5,78078259857218 ,-5.780782599
473,-4,45920778360721 ,-4.459207784
474,-5,78497181594147 ,-5.784971816
475,-3,89806164000283 ,-3.89806164
476,-2,79306242546946 ,-2.793062425
477,-5,10885553526532 ,-5.108855535
478,-5,78497181588379 ,-5.784971816
479,-5,78218259739644 ,-5.782182597
480,-8,13857006233261 ,-8.138570062
481,-8,138570062333 ,-8.001385701
482,-1,22472975507969 ,-1.224729755
483,-5,10941112312242 ,-5.109411123
484,-2,53727506064842 ,-2.537275061
485,-5,77914645564572 ,-5.779146456
486,-8,138570062333 ,-8.001385701
487,-3,55383576603588 ,-3.553835766
488,-8,138570062333 ,-8.001385701
489,-2,89527262094368 ,-2.895272621
490,-1,10426087547818 ,-1.104260875
491,-4,24166213379975 ,-4.241662134
492,-4,46337770194932 ,-4.463377702
493,-5,77651223270475 ,-5.776512233
494,-1,75274092451997 ,-1.752740925
495,-3,42284721598544 ,-3.422847216
496,-5,12870501397431 ,-5.128705014
497,-5,78497181594147 ,-5.784971816
498,-5,12464461771233 ,-5.124644618
499,-8,138570062333 ,-8.001385701
500,-2,14793891470801 ,-2.147938915
501,-2,41780615777323 ,-2.417806158
502,-5,78218259739644 ,-5.782182597
503,-4,74741437232444 ,-4.747414372
504,-5,78218259739644 ,-5.782182597
505,-8,138570062333 ,-8.001385701
506,-5,11687857163256 ,-5.116878572
507,-5,12450611914473 ,-5.124506119
508,-8,138570062333 ,-8.001385701
509,-4,73387922253498 ,-4.733879223
510,-8,138570062333 ,-8.001385701
511,-4,74463070691721 ,-4.744630707
512,-5,77984822747984 ,-5.779848227
513,-8,13857006228619 ,-8.138570062
514,-5,77736259762985 ,-5.777362598
515,-5,78078291712403 ,-5.780782917
516,-5,12282490186747 ,-5.122824902
517,-4,73013497852577 ,-4.730134979
518,-8,1385700623322 ,-8.013857006
519,-4,73586333885111 ,-4.735863339
520,-4,44013978653131 ,-4.440139787
521,-4,3793347474742 ,-4.037933475
522,-8,13857006228618 ,-8.138570062
523,-2,3459997838806 ,-2.034599978
524,0,829388109077646 ,-8.293881091
525,-8,138570062333 ,-8.001385701
526,-5,78078291712403 ,-5.780782917
527,-4,4488150764987 ,-4.044881508
528,-8,138570062333 ,-8.001385701
529,-8,138570062333 ,-8.001385701
530,-3,5114016454022 ,-3.051140165
531,-8,138570062333 ,-8.001385701
532,-4,74438181818367 ,-4.744381818
533,-5,78078291712403 ,-5.780782917
534,-5,12229938512199 ,-5.122299385
535,-3,75125505053335 ,-3.751255051
536,-8,138570062333 ,-8.001385701
537,-1,63953711142573 ,-1.639537111
538,-4,1676893632413 ,-4.016768936
539,-3,92213092968779 ,-3.92213093
540,-5,77858459617027 ,-5.778584596
541,-8,138570062333 ,-8.001385701
542,-3,25695048641004 ,-3.256950486
543,-8,138570062333 ,-8.001385701
544,-3,86181873087879 ,-3.861818731
545,-8,1385700622628 ,-8.013857006
546,-5,78218259739644 ,-5.782182597
547,-3,65075932562693 ,-3.650759326
548,-5,77858459617027 ,-5.778584596
549,-5,13103577409843 ,-5.131035774
550,-8,138570062333 ,-8.001385701
551,-8,138570062333 ,-8.001385701
552,-3,72301580862 ,-3.000723016
553,-4,74055631874108 ,-4.740556319
554,-5,78497181594147 ,-5.784971816
555,-4,73318172166883 ,-4.733181722
556,-5,77310312018665 ,-5.77310312
557,-5,77858459617027 ,-5.778584596
558,-5,77914645564572 ,-5.779146456
559,-5,77914645564572 ,-5.779146456
560,-8,138570062333 ,-8.001385701
561,-8,138570062333 ,-8.001385701
562,-5,12215851619921 ,-5.122158516
563,-5,12684636355764 ,-5.126846364
564,-5,77914645564572 ,-5.779146456
565,-5,78497181594147 ,-5.784971816
566,-5,12870501397431 ,-5.128705014
567,-8,138570062333 ,-8.001385701
568,-1,81591720732807 ,-1.815917207
569,-5,12870501397431 ,-5.128705014
570,-4,23667881056079 ,-4.236678811
571,-5,78218259739644 ,-5.782182597
572,-5,77811609000153 ,-5.77811609
573,-2,42445539761555 ,-2.424455398
574,-5,77437996618204 ,-5.774379966
575,-8,13857006233307 ,-8.138570062
576,-5,77858459617027 ,-5.778584596
577,-5,77488300682353 ,-5.774883007
578,-5,78218259739644 ,-5.782182597
579,-4,44801457720861 ,-4.448014577
580,-4,2266234960919 ,-4.02266235
581,-5,78497149887279 ,-5.784971499
582,-8,138570062333 ,-8.001385701
583,-8,13857006233307 ,-8.138570062
584,-4,45619539833616 ,-4.456195398
585,-2,9313841292865 ,-2.093138413
586,0,701111553689894 ,-7.011115537
587,-4,7460172785188 ,-4.074601728
588,0,245736958414272 ,-2.457369584
589,-5,78218259739644 ,-5.782182597
590,-5,78218227660697 ,-5.782182277
591,-2,39823553431097 ,-2.398235534
592,-3,26798443685744 ,-3.267984437
593,-4,23331497321348 ,-4.233314973
594,-8,138570062333 ,-8.001385701
595,-5,78078291712403 ,-5.780782917
596,-4,5768392885498 ,-4.057683929
597,-5,13103577409843 ,-5.131035774
598,-8,138570062333 ,-8.001385701
599,-4,24001063513189 ,-4.240010635
600,-5,12590925788177 ,-5.125909258
601,-3,58712904148594 ,-3.587129041
602,-3,4185291400515 ,-3.041852914
603,-1,61918075377415 ,-1.619180754
604,-4,73132084327176 ,-4.731320843
605,-5,13103577409843 ,-5.131035774
606,-8,138570062333 ,-8.001385701
607,-5,12377273929869 ,-5.123772739
608,-5,12418998306892 ,-5.124189983
609,-8,138570062333 ,-8.001385701
610,-5,11363955933131 ,-5.113639559
611,-4,23529395970468 ,-4.23529396
612,-3,99131571971134 ,-3.99131572
613,-3,23971992738068 ,-3.239719927
614,-8,138570062333 ,-8.001385701
615,-5,77858459768622 ,-5.778584598
616,-4,7460172785188 ,-4.074601728
617,-5,76800617301779 ,-5.768006173
618,-5,78218259739644 ,-5.782182597
619,-5,12450611914235 ,-5.124506119
620,-5,78218259739644 ,-5.782182597
621,-5,77858459617027 ,-5.778584596
622,-3,64135346116529 ,-3.641353461
623,-2,99219929043745 ,-2.99219929
624,0,415304617954444 ,-4.15304618
625,-2,21855910647679 ,-2.218559106
626,-5,77517257413978 ,-5.775172574
627,-5,78218259739644 ,-5.782182597
628,-5,78218259739644 ,-5.782182597
629,-5,77736259762985 ,-5.777362598
630,-4,73353448041976 ,-4.73353448
631,-5,11711594986832 ,-5.11711595
632,-4,18310770225093 ,-4.183107702
633,-8,138570062333 ,-8.001385701
634,-5,78218259739644 ,-5.782182597
635,-2,88602804119489 ,-2.886028041
636,-4,45329633213856 ,-4.453296332
637,-5,77984822747984 ,-5.779848227
638,-8,13857006233307 ,-8.138570062
639,-4,44127787701532 ,-4.441277877
640,-5,77914645564572 ,-5.779146456
641,-5,78218259738816 ,-5.782182597
642,-5,77676827995591 ,-5.77676828
643,-8,138570062333 ,-8.001385701
644,-8,138570062333 ,-8.001385701
645,-4,39164018972271 ,-4.39164019
646,-4,18844668508987 ,-4.188446685
647,-8,138570062333 ,-8.001385701
648,-5,77914645564572 ,-5.779146456
649,-5,12800400907869 ,-5.128004009
650,-2,81408191768948 ,-2.814081918
651,-5,12697461706894 ,-5.126974617
652,-5,78218259739644 ,-5.782182597
653,-4,4692137085139 ,-4.046921371
654,-5,78078291712403 ,-5.780782917
655,-4,73606039082944 ,-4.736060391
656,-4,2819596396393 ,-4.028195964
657,-3,72202086011153 ,-3.72202086
658,-5,8603183799387 ,-5.086031838
659,-8,13857006233307 ,-8.138570062
660,-5,12697461706894 ,-5.126974617
661,-5,78078291712403 ,-5.780782917
662,-4,73283889615793 ,-4.732838896
663,-8,138570062333 ,-8.001385701
664,-2,55551533173755 ,-2.555515332
665,-5,77914645564572 ,-5.779146456
666,-5,12071957454959 ,-5.120719575
667,-5,78218259739644 ,-5.782182597
668,-4,6974422101849 ,-4.069744221
669,-8,138570062333 ,-8.001385701
670,-5,77914645564572 ,-5.779146456
671,-5,77532928284683 ,-5.775329283
672,-4,46105306033924 ,-4.46105306
673,-4,75019045024871 ,-4.75019045
674,-3,31412133264001 ,-3.314121333
675,-3,68265432109315 ,-3.682654321
676,-5,12256835536165 ,-5.122568355
677,-3,58181280314916 ,-3.581812803
678,-1,24587899463798 ,-1.245878995
679,-5,13103577409843 ,-5.131035774
680,-5,77858459617027 ,-5.778584596
681,-3,3903537943297 ,-3.039035379
682,-1,225566802308 ,-1.002255668
683,-4,71265682322834 ,-4.712656823
684,-2,45012544616924 ,-2.450125446
685,-4,23216522196743 ,-4.232165222
686,-2,79323262592886 ,-2.793232626
687,-8,138570062333 ,-8.001385701
688,-1,92845934122371 ,-1.928459341
689,-4,43551679752035 ,-4.435516798
690,-4,45874917642394 ,-4.458749176
691,-3,4265341735203 ,-3.042653417
692,-5,11296974443316 ,-5.112969744
693,-8,138570062333 ,-8.001385701
694,-8,138570062333 ,-8.001385701
695,-5,11314163067412 ,-5.113141631
696,-5,77811609000153 ,-5.77811609
697,-3,45352029951726 ,-3.4535203
698,-2,36062828337728 ,-2.360628283
699,-8,138570062333 ,-8.001385701
700,-2,5123025629048 ,-2.051230256
701,-1,41886933681522 ,-1.418869337
702,-3,1580776830382 ,-3.015807768
703,-5,11748703597181 ,-5.117487036
704,0,603384455341169 ,-6.033844553
705,0,9972032062571 ,-0.099720321
706,-5,78218259739644 ,-5.782182597
707,-5,12544339874314 ,-5.125443399
708,-5,12323866271246 ,-5.123238663
709,-8,138570062333 ,-8.001385701
710,-8,138570062333 ,-8.001385701
711,-4,72751113682822 ,-4.727511137
712,-1,17163025258731 ,-1.171630253
713,-5,78218259739644 ,-5.782182597
714,-2,2085656938943 ,-2.020856569
715,-1,56990198380853 ,-1.569901984
716,-5,12138306725984 ,-5.121383067
717,-5,78078291706607 ,-5.780782917
718,-5,78497181594147 ,-5.784971816
719,-1,50076887097982 ,-1.500768871
720,-5,12464461770859 ,-5.124644618
721,-8,13857006227167 ,-8.138570062
722,-5,78218259739644 ,-5.782182597
723,-5,78218259739644 ,-5.782182597
724,-5,77984822747984 ,-5.779848227
725,-5,12236559915914 ,-5.122365599
726,-3,56959459760154 ,-3.569594598
727,-5,12005188539209 ,-5.120051885
728,-4,24487519709313 ,-4.244875197
729,-3,10085176370942 ,-3.100851764
730,-8,138570062333 ,-8.001385701
731,-4,72874806711273 ,-4.728748067
732,-5,78497181594147 ,-5.784971816
733,-3,64260389855379 ,-3.642603899
734,-5,78497181594147 ,-5.784971816
735,-5,13103577409843 ,-5.131035774
736,-4,45802180660475 ,-4.458021807
737,-8,138570062333 ,-8.001385701
738,-5,13103577409843 ,-5.131035774
739,-5,77914645564572 ,-5.779146456
740,-2,82471976288722 ,-2.824719763
741,-8,138570062333 ,-8.001385701
742,-2,4412955701692 ,-2.044129557
743,-5,13381660121863 ,-5.133816601
744,-5,77426702541019 ,-5.774267025
745,-5,77811609000153 ,-5.77811609
746,-5,13103577408611 ,-5.131035774
747,-5,12870501397431 ,-5.128705014
748,-8,138570062333 ,-8.001385701
749,-5,12008702708841 ,-5.120087027
750,0,76588286451326 ,-0.765882865
751,-5,12697461706894 ,-5.126974617
752,-2,37916845222866 ,-2.379168452
753,-5,77914645564572 ,-5.779146456
754,-5,11208822671536 ,-5.112088227
755,-8,138570062333 ,-8.001385701
756,0,295456675143061 ,-2.954566751
757,-5,78218259739644 ,-5.782182597
758,-2,94319311882712 ,-2.943193119
759,-3,63988130367213 ,-3.639881304
760,-5,78497149660499 ,-5.784971497
761,-4,72469172280359 ,-4.724691723
762,0,317657907095267 ,-3.176579071
763,-4,74381996875575 ,-4.743819969
764,-5,77984822747984 ,-5.779848227
765,-8,138570062333 ,-8.001385701
766,-5,77914645564572 ,-5.779146456
767,-5,12253213340799 ,-5.122532133
768,-3,63068851907552 ,-3.630688519
769,-5,78078291712403 ,-5.780782917
770,-5,77771430857677 ,-5.777714309
771,-4,73653244189832 ,-4.736532442
772,-2,2310807831815 ,-2.023108078
773,-4,22703271826337 ,-4.227032718
774,-8,13857006229873 ,-8.138570062
775,-3,64687094663218 ,-3.646870947
776,-4,2548722177087 ,-4.025487222
777,-2,30373918025273 ,-2.30373918
778,-3,32005612261904 ,-3.320056123
779,-5,77984822747984 ,-5.779848227
780,-8,138570062333 ,-8.001385701
781,-4,71894451913079 ,-4.718944519
782,-3,12583703228088 ,-3.125837032
783,-4,74229315951615 ,-4.74229316
784,-5,77676827995591 ,-5.77676828
785,-4,42167798252459 ,-4.421677983
786,-3,2822144656244 ,-3.028221447
787,-2,98813229139011 ,-2.988132291
788,-8,138570062333 ,-8.001385701
789,-2,53315797387329 ,-2.533157974
790,-4,5717092202708 ,-4.057170922
791,-3,33350434075888 ,-3.333504341
792,-3,75351693506176 ,-3.753516935
793,-5,78218259739644 ,-5.782182597
794,-8,138570062333 ,-8.001385701
795,-4,23748546338103 ,-4.237485463
796,-8,138570062333 ,-8.001385701
797,-5,78218259739644 ,-5.782182597
798,-5,77549518118093 ,-5.775495181
799,-5,12963849387341 ,-5.129638494
800,-5,77736259500678 ,-5.777362595
801,-5,12323866270871 ,-5.123238663
802,-8,138570062333 ,-8.001385701
803,-3,58365468784423 ,-3.583654688
804,-8,138570062333 ,-8.001385701
805,-8,138570062333 ,-8.001385701
806,-2,17183684667747 ,-2.171836847
807,-1,92334734267671 ,-1.923347343
808,-5,78218259739644 ,-5.782182597
809,-1,44875914272863 ,-1.448759143
810,-3,78626423710671 ,-3.786264237
811,-4,22397733754897 ,-4.223977338
812,-1,37467004662259 ,-1.374670047
813,-1,59368009730321 ,-1.593680097
814,-5,78218259739644 ,-5.782182597
815,-5,78078291712403 ,-5.780782917
816,-1,8851736664505 ,-1.088517367
817,-3,41668771380038 ,-3.416687714
818,-1,64422127033847 ,-1.64422127
819,-5,77606069227735 ,-5.776060692
820,-5,10614519881416 ,-5.106145199
821,-5,77984822747984 ,-5.779848227
822,-4,745083362644 ,-4.007450834
823,-8,138570062333 ,-8.001385701
824,-4,3818584514709 ,-4.038185845
825,-5,78078291712403 ,-5.780782917
826,-8,13856915742676 ,-8.138569157
827,-1,69362898050754 ,-1.693628981
828,-5,78078291712403 ,-5.780782917
829,-2,2002775898974 ,-2.020027759
830,-5,11711599661053 ,-5.117115997
831,-5,78078291712403 ,-5.780782917
832,-8,138570062333 ,-8.001385701
833,-4,3494768519922 ,-4.034947685
834,-5,78078291712403 ,-5.780782917
835,-3,35358632084729 ,-3.353586321
836,-4,45502100533845 ,-4.455021005
837,-8,138570062333 ,-8.001385701
838,-8,138570062333 ,-8.001385701
839,-4,44879330909232 ,-4.448793309
840,-3,21986588033021 ,-3.21986588
841,-5,11873132398439 ,-5.118731324
842,-5,78218259739644 ,-5.782182597
843,-1,73755860467653 ,-1.737558605
844,-5,78078291712403 ,-5.780782917
845,-2,44256313731619 ,-2.442563137
846,-5,11861754414578 ,-5.118617544
847,-5,77606069227735 ,-5.776060692
848,-3,53951161359111 ,-3.539511614
849,-5,7756714159029 ,-5.077567142
850,-3,6424000572023 ,-3.064240006
851,-5,77704984809614 ,-5.777049848
852,-3,3300346943596 ,-3.033003469
853,-1,90934947105477 ,-1.909349471
854,-8,138570062333 ,-8.001385701
855,0,729111383203249 ,-7.291113832
856,-5,12450611914473 ,-5.124506119
857,-4,73498479541231 ,-4.734984795
858,-5,78218259739644 ,-5.782182597
859,-2,68145816327649 ,-2.681458163
860,-8,138570062333 ,-8.001385701
861,-1,56718088618674 ,-1.567180886
862,-5,11810027659467 ,-5.118100277
863,0,931203162713985 ,-9.312031627
864,-8,138570062333 ,-8.001385701
865,-4,5417935299876 ,-4.054179353
866,-3,61375493440781 ,-3.613754934
867,-8,138570062333 ,-8.001385701
868,-5,77811609151826 ,-5.778116092
869,-4,4466018836146 ,-4.044660188
870,-2,9219212386115 ,-2.092192124
871,-4,41740014810133 ,-4.417400148
872,-4,74438181818367 ,-4.744381818
873,-5,78078032411727 ,-5.780780324
874,-3,64188298751258 ,-3.641882988
875,-3,18080132419316 ,-3.180801324
876,-8,138570062333 ,-8.001385701
877,-2,68018565368247 ,-2.680185654
878,-5,77811609000153 ,-5.77811609
879,-4,72883452058338 ,-4.728834521
880,-1,66796503339212 ,-1.667965033
881,-5,13103577409843 ,-5.131035774
882,-4,74741441134619 ,-4.747414411
883,-8,138570062333 ,-8.001385701
884,-8,138570062333 ,-8.001385701
885,-5,77811609000153 ,-5.77811609
886,2,396085920632 ,1.996039141
887,-8,138570062333 ,-8.001385701
888,-5,78497181593411 ,-5.784971816
889,-5,77771430857677 ,-5.777714309
890,-5,11674219534394 ,-5.116742195
891,-5,78078291712402 ,-5.780782917
892,-4,2192744377312 ,-4.021927444
893,-8,138570062333 ,-8.001385701
894,-4,74741441134615 ,-4.747414411
895,-3,1322568787496 ,-3.013225688
896,-5,78218259739644 ,-5.782182597
897,-5,11304785514077 ,-5.113047855
898,-5,77627745944212 ,-5.776277459
899,-5,77984822747984 ,-5.779848227
900,-4,71484313537961 ,-4.714843135
901,-8,138570062333 ,-8.001385701
902,-4,20182606638065 ,-4.201826066
903,-4,43465717728861 ,-4.434657177
904,-5,78218259739644 ,-5.782182597
905,-3,84670633168138 ,-3.846706332
906,-5,78218259739644 ,-5.782182597
907,-8,138570062333 ,-8.001385701
908,-8,13857006233307 ,-8.138570062
909,-5,11741201578459 ,-5.117412016
910,-5,77736259762985 ,-5.777362598
911,-8,138570062333 ,-8.001385701
912,-8,138570062333 ,-8.001385701
913,-8,138570062333 ,-8.001385701
914,-8,138570062333 ,-8.001385701
915,-8,138570062333 ,-8.001385701
916,-4,72675067875293 ,-4.726750679
917,-3,63885270479379 ,-3.638852705
918,-4,75019045024796 ,-4.75019045
919,-5,78218259739644 ,-5.782182597
920,-8,138570062333 ,-8.001385701
921,0,496727300950232 ,-4.96727301
922,-8,138570062333 ,-8.001385701
923,-4,7390274522964 ,-4.073902745
924,-4,73822472699075 ,-4.738224727
925,-8,138570062333 ,-8.001385701
926,-5,78078291712403 ,-5.780782917
927,-5,77736259762985 ,-5.777362598
928,-8,138570062333 ,-8.001385701
929,-5,12590925788177 ,-5.125909258
930,-3,88314243685258 ,-3.883142437
931,-8,138570062333 ,-8.001385701
932,-5,77250907200064 ,-5.772509072
933,-3,88180462983615 ,-3.88180463
934,-8,138570062333 ,-8.001385701
935,-8,138570062333 ,-8.001385701
936,-2,97954113250827 ,-2.979541133
937,-1,33216694531982 ,-1.332166945
938,-8,138570062333 ,-8.001385701
939,-5,77858459617027 ,-5.778584596
940,-1,1386695337698 ,-1.013866953
941,-8,138570062333 ,-8.001385701
942,-5,78078291712403 ,-5.780782917
943,-3,99248951723307 ,-3.992489517
944,-3,88104940305364 ,-3.881049403
945,-5,13103577409843 ,-5.131035774
946,-5,77984822747984 ,-5.779848227
947,-3,75282611430514 ,-3.752826114
948,-8,138570062333 ,-8.001385701
949,-4,45687373588848 ,-4.456873736
950,-5,78078291712403 ,-5.780782917
951,-5,78497181594147 ,-5.784971816
952,-5,13381660145093 ,-5.133816601
953,-8,138570062333 ,-8.001385701
954,-5,12591035477716 ,-5.125910355
955,-4,22980753893059 ,-4.229807539
956,-1,36689710296482 ,-1.366897103
957,-5,78218259739644 ,-5.782182597
958,-4,45965676817757 ,-4.459656768
959,-5,983076354092 ,-5.009830764
960,-2,43771669588722 ,-2.437716696
961,-5,13381660121863 ,-5.133816601
962,-8,138570062333 ,-8.001385701
963,-1,59503282298149 ,-1.595032823
964,-5,77984822747984 ,-5.779848227
965,-4,24763580186262 ,-4.247635802
966,-5,78218259739644 ,-5.782182597
967,-8,13852898596775 ,-8.138528986
968,-8,138570062333 ,-8.001385701
969,-5,78497170721417 ,-5.784971707
970,-2,7001840663377 ,-2.070018407
971,-4,42866209534392 ,-4.428662095
972,-5,12870501397431 ,-5.128705014
973,-5,78218259739644 ,-5.782182597
974,-4,23944928065939 ,-4.239449281
975,-5,78218259739644 ,-5.782182597
976,-5,77771430857677 ,-5.777714309
977,-5,78218259739644 ,-5.782182597
978,0,31159002388493 ,-0.311590024
979,-5,77858459617027 ,-5.778584596
980,-4,75019045024953 ,-4.75019045
981,-4,45640831265516 ,-4.456408313
982,-3,27083640721601 ,-3.270836407
983,-6,41047005361113 ,-6.410470054
984,-5,8627891253572 ,-5.086278913
985,-8,76925584472074 ,-8.769255845
986,-4,27407639019425 ,-4.27407639
987,-4,39945507124923 ,-4.399455071
988,-5,8927730668844 ,-5.089277307
989,-4,53513309205043 ,-4.535133092
990,-8,76925584472074 ,-8.769255845
991,-8,76925584472074 ,-8.769255845
992,-3,70332680376283 ,-3.703326804
993,-6,41240418581976 ,-6.412404186
994,-8,76925584465947 ,-8.769255845
995,-8,76925584472074 ,-8.769255845
996,-8,76925584472074 ,-8.769255845
997,-6,41401582486746 ,-6.414015825
998,-6,41401582492584 ,-6.414015825
999,-5,37954639599821 ,-5.379546396
1000,-2,226575938465 ,-2.002265759
1001,-6,41550007624983 ,-6.415500076
1002,-6,41401582486746 ,-6.414015825
1003,-8,76925584472074 ,-8.769255845
1004,-6,41327241000995 ,-6.41327241
1005,-6,41550007624983 ,-6.415500076
1006,-3,59757001569321 ,-3.597570016
1007,-5,37560125409299 ,-5.375601254
1008,-8,76925516993304 ,-8.76925517
1009,-5,37719001720818 ,-5.377190017
1010,-8,76925584472074 ,-8.769255845
1011,-8,76925584472074 ,-8.769255845
1012,-8,76925584472074 ,-8.769255845
1013,-5,37510927942908 ,-5.375109279
1014,-5,9254343377103 ,-5.092543434
1015,-8,76925584472074 ,-8.769255845
1016,-6,41550196275099 ,-6.415501963
1017,-3,57942751357358 ,-3.579427514
1018,-3,2034671577749 ,-3.020346716
1019,-1,36291956657171 ,-1.362919567
1020,-5,75854174504546 ,-5.758541745
1021,-4,39126876656118 ,-4.391268767
1022,-8,76925584472074 ,-8.769255845
1023,-3,20266523069401 ,-3.202665231
1024,-6,41401582486746 ,-6.414015825
1025,-4,69056566346229 ,-4.690565663
1026,-8,76925584472074 ,-8.769255845
1027,-8,76925584472074 ,-8.769255845
1028,-6,41277639517722 ,-6.412776395
1029,-4,8679256217904 ,-4.086792562
1030,-3,24376803149082 ,-3.243768031
1031,-6,41550007624983 ,-6.415500076
1032,-2,1105852865758 ,-2.011058529
1033,-8,76925584472074 ,-8.769255845
1034,-8,76925584472074 ,-8.769255845
1035,-4,40891381254739 ,-4.408913813
1036,-2,37885431147252 ,-2.378854311
1037,-8,76925584472074 ,-8.769255845
1038,-8,76925584472074 ,-8.769255845
1039,-6,41114399510272 ,-6.411143995
1040,-6,41277639517722 ,-6.412776395
1041,-6,41550007624983 ,-6.415500076
1042,-4,87364665966515 ,-4.87364666
1043,-8,76925584472074 ,-8.769255845
1044,-5,75819034183429 ,-5.758190342
1045,-6,41056332069865 ,-6.410563321
1046,0,104582844578767 ,-1.045828446
1047,-6,40994226852237 ,-6.409942269
1048,-5,76023091508574 ,-5.760230915
1049,-6,41076936373693 ,-6.410769364
1050,-6,41185798703181 ,-6.411857987
1051,-8,76925584472074 ,-8.769255845
1052,-8,76925584472074 ,-8.769255845
1053,-4,67871715884305 ,-4.678717159
1054,-1,58709385349115 ,-1.587093853
1055,-8,76925584472074 ,-8.769255845
1056,-2,2105084697604 ,-2.021050847
1057,-2,13109479607066 ,-2.131094796
1058,-4,2448888628223 ,-4.024488886
1059,-5,37178962303828 ,-5.371789623
1060,-1,72100665195892 ,-1.721006652
1061,-5,9510415744488 ,-5.095104157
1062,-8,76925584472064 ,-8.769255845
1063,-6,41401582486746 ,-6.414015825
1064,-8,76925584472074 ,-8.769255845
1065,-8,76925584472074 ,-8.769255845
1066,-8,76925584472074 ,-8.769255845
1067,-5,74862455839181 ,-5.748624558
1068,-4,83976063256452 ,-4.839760633
1069,-8,76925584472074 ,-8.769255845
1070,-1,95587672576389 ,-1.955876726
1071,-2,3884033946871 ,-2.038840339
1072,-8,76925584472074 ,-8.769255845
1073,-3,76317383156526 ,-3.763173832
1074,-8,76925584469135 ,-8.769255845
1075,-8,76925584472074 ,-8.769255845
1076,-4,8950341475041 ,-4.089503415
1077,-8,76925584472074 ,-8.769255845
1078,-8,76925584472074 ,-8.769255845
1079,-4,8021279045063 ,-4.08021279
1080,-5,75624620449865 ,-5.756246204
1081,-8,76925584472074 ,-8.769255845
1082,-8,76925584472074 ,-8.769255845
1083,-8,76925584472074 ,-8.769255845
1084,-5,76449025307443 ,-5.764490253
1085,-8,76925584472064 ,-8.769255845
1086,-8,76925584472074 ,-8.769255845
1087,-4,8651453414879 ,-4.086514534
1088,-6,4106627954016 ,-6.04106628
1089,-3,6867232237715 ,-3.068672322
1090,-6,41401582486746 ,-6.414015825
1091,-4,69483620494552 ,-4.694836205
1092,-6,41145876494045 ,-6.411458765
1093,-8,76925584469138 ,-8.769255845
1094,-8,76925584472074 ,-8.769255845
1095,-1,89171130875236 ,-1.891711309
1096,-6,41401582486746 ,-6.414015825
1097,-8,76925584472064 ,-8.769255845
1098,-8,76925584472074 ,-8.769255845
1099,-8,76925584472074 ,-8.769255845
1100,-8,76925584472074 ,-8.769255845
1101,-5,76449025220405 ,-5.764490252
1102,-6,41327241001643 ,-6.41327241
1103,-4,54334300418149 ,-4.543343004
1104,-4,767641698025 ,-4.007676417
1105,-6,41185798703181 ,-6.411857987
1106,-6,40976287892969 ,-6.409762879
1107,-6,41401582486746 ,-6.414015825
1108,-6,41550004417744 ,-6.415500044
1109,-4,40450488841436 ,-4.404504888
1110,-5,37166285815419 ,-5.371662858
1111,-3,83732338264267 ,-3.837323383
1112,-8,76925584472074 ,-8.769255845
1113,-5,879874388479 ,-5.008798744
1114,-6,41550007624942 ,-6.415500076
1115,-4,69114645570987 ,-4.691146456
1116,-8,76925584472074 ,-8.769255845
1117,-3,97512039659701 ,-3.975120397
1118,-6,41327241000995 ,-6.41327241
1119,-8,76925584469132 ,-8.769255845
1120,-6,41114399510273 ,-6.411143995
1121,-6,41076936373693 ,-6.410769364
1122,-8,76925584472074 ,-8.769255845
1123,-5,75791100483337 ,-5.757911005
1124,-5,75775661438633 ,-5.757756614
1125,-8,76925584472074 ,-8.769255845
1126,-6,41240418622659 ,-6.412404186
1127,-6,40950473656417 ,-6.409504737
1128,-8,76925584472074 ,-8.769255845
1129,-5,9463876848739 ,-5.094638768
1130,-8,76925584472074 ,-8.769255845
1131,-6,41401582486746 ,-6.414015825
1132,-4,86409582918202 ,-4.864095829
1133,-5,75921885327988 ,-5.759218853
1134,-6,41327241000995 ,-6.41327241
1135,-5,75340533679564 ,-5.753405337
1136,-6,41210630175738 ,-6.412106302
1137,-8,76925584472074 ,-8.769255845
1138,-4,53575187961638 ,-4.53575188
1139,-8,7692551699267 ,-8.076925517
1140,-5,76449043412979 ,-5.764490434
1141,-3,41712372435728 ,-3.417123724
1142,-8,76925584472074 ,-8.769255845
1143,-8,76925584472074 ,-8.769255845
1144,-4,86651744197765 ,-4.866517442
1145,-2,36248918444464 ,-2.362489184
1146,-6,41240418622659 ,-6.412404186
1147,-6,41327241000995 ,-6.41327241
1148,-8,76925584472074 ,-8.769255845
1149,-8,76925584472074 ,-8.769255845
1150,-6,41277639517722 ,-6.412776395
1151,-5,8463126709483 ,-5.084631267
1152,-3,71845629249973 ,-3.718456292
1153,-8,76925584472074 ,-8.769255845
1154,-8,76925584472074 ,-8.769255845
1155,-5,75725178868755 ,-5.757251789
1156,-6,41022078283611 ,-6.410220783
1157,-8,76925584472074 ,-8.769255845
1158,-6,41550007624983 ,-6.415500076
1159,-8,76925584472074 ,-8.769255845
1160,-6,4102993448724 ,-6.041029934
1161,-3,47828042621423 ,-3.478280426
1162,-4,26164074118463 ,-4.261640741
1163,-5,75771230275479 ,-5.757712303
1164,-8,76925584472074 ,-8.769255845
1165,-4,67511048097216 ,-4.675110481
1166,-5,76449025307443 ,-5.764490253
1167,-6,41327241000995 ,-6.41327241
1168,-6,41277639517722 ,-6.412776395
1169,-4,86416700335163 ,-4.864167003
1170,-8,76925584472074 ,-8.769255845
1171,-8,76925584472074 ,-8.769255845
1172,-1,59651431999623 ,-1.59651432
1173,-6,41550007624983 ,-6.415500076
1174,-8,76925584472074 ,-8.769255845
1175,-6,41550007584355 ,-6.415500076
1176,-6,41550007624983 ,-6.415500076
1177,-4,16914050596316 ,-4.169140506
1178,-6,41550007624983 ,-6.415500076
1179,-3,36907005080479 ,-3.369070051
1180,-8,76925584472074 ,-8.769255845
1181,-6,41047005361113 ,-6.410470054
1182,-3,13756493188223 ,-3.137564932
1183,-8,76925584472074 ,-8.769255845
1184,-5,3720587055165 ,-5.037205871
1185,-6,41000718707718 ,-6.410007187
1186,-3,20680257354122 ,-3.206802574
1187,-6,41145876494045 ,-6.411458765
1188,-5,37164824313719 ,-5.371648243
1189,-8,76925584472074 ,-8.769255845
1190,-5,9553730256394 ,-5.095537303
1191,-8,76925583211288 ,-8.769255832
1192,-8,76925584472074 ,-8.769255845
1193,-6,41401582486746 ,-6.414015825
1194,-8,76925584472074 ,-8.769255845
1195,-5,75566087981094 ,-5.75566088
1196,-4,68115977958297 ,-4.68115978
1197,-3,3428137689551 ,-3.034281377
1198,-8,76925584472074 ,-8.769255845
1199,-5,7030260956988 ,-5.07030261
1200,-8,76925584472074 ,-8.769255845
1201,-3,9569834853829 ,-3.095698349
1202,-5,9235899117864 ,-5.092358991
1203,-6,41240418622659 ,-6.412404186
1204,-6,41240418622659 ,-6.412404186
1205,-8,76925584472074 ,-8.769255845
1206,-8,76925584472074 ,-8.769255845
1207,-8,76925584472074 ,-8.769255845
1208,-8,76925584472074 ,-8.769255845
1209,-8,76925584472074 ,-8.769255845
1210,-8,76925584472074 ,-8.769255845
1211,-5,9353738074554 ,-5.093537381
1212,-8,76925584472074 ,-8.769255845
1213,-6,41164509060779 ,-6.411645091
1214,-6,41129311007661 ,-6.41129311
1215,-4,68358421690046 ,-4.683584217
1216,-8,76925584472074 ,-8.769255845
1217,-4,84783264827565 ,-4.847832648
1218,-6,41277639779366 ,-6.412776398
1219,-2,29680071087282 ,-2.296800711
1220,-8,76925584472074 ,-8.769255845
1221,-5,76073446865601 ,-5.760734469
1222,-6,41401582486746 ,-6.414015825
1223,-4,7549755868657 ,-4.075497559
1224,-5,37880766594051 ,-5.378807666
1225,-8,76925584472074 ,-8.769255845
1226,-8,76925584472074 ,-8.769255845
1227,-6,41401582486746 ,-6.414015825
1228,-8,76925584472074 ,-8.769255845
1229,-6,41401582486746 ,-6.414015825
1230,-6,40960271594167 ,-6.409602716
1231,-6,41401582486746 ,-6.414015825
1232,-2,55921600822891 ,-2.559216008
1233,-4,68395905995383 ,-4.68395906
1234,-8,76925584472074 ,-8.769255845
1235,-4,68722395470688 ,-4.687223955
1236,-8,76925584472074 ,-8.769255845
1237,-8,76925584472074 ,-8.769255845
1238,-8,76925584472074 ,-8.769255845
1239,-6,41185798703181 ,-6.411857987
1240,-8,76925584472074 ,-8.769255845
1241,-8,76925584472074 ,-8.769255845
1242,-8,76925584472074 ,-8.769255845
1243,-8,76925584472074 ,-8.769255845
1244,-3,1429490049274 ,-3.0142949
1245,-6,41277639517722 ,-6.412776395
1246,-8,76925584472074 ,-8.769255845
1247,-5,75502264974834 ,-5.75502265
1248,-6,41401582486746 ,-6.414015825
1249,-2,34745329653945 ,-2.347453297
1250,-8,76925584472074 ,-8.769255845
1251,-5,75042307063652 ,-5.750423071
1252,-2,62181919240405 ,-2.621819192
1253,-5,76023073296344 ,-5.760230733
1254,-8,76925584472074 ,-8.769255845
1255,-4,53241214231149 ,-4.532412142
1256,-5,37616942988816 ,-5.37616943
1257,-6,41401582486746 ,-6.414015825
1258,-4,18464055711127 ,-4.184640557
1259,-8,76925584472074 ,-8.769255845
1260,-4,69018089241891 ,-4.690180892
1261,-8,76925584472074 ,-8.769255845
1262,-8,76925584472074 ,-8.769255845
1263,-2,9892576072504 ,-2.098925761
1264,-8,76925584472074 ,-8.769255845
1265,-5,75731036349515 ,-5.757310363
1266,-8,76925584472074 ,-8.769255845
1267,-6,41277639517722 ,-6.412776395
1268,-8,76925584472074 ,-8.769255845
1269,-6,4106627954016 ,-6.04106628
1270,-3,41429049374391 ,-3.414290494
1271,-1,9177044037241 ,-1.09177044
1272,-6,41277639517722 ,-6.412776395
1273,-8,76925584472074 ,-8.769255845
1274,-8,76925584472074 ,-8.769255845
1275,-1,73982747653055 ,-1.739827477
1276,-5,7956303772511 ,-5.079563038
1277,-8,76925584472074 ,-8.769255845
1278,-4,70090265242523 ,-4.700902652
1279,-6,41550007624983 ,-6.415500076
1280,-5,75327938528824 ,-5.753279385
1281,-5,75947571318277 ,-5.759475713
1282,-5,37129049767371 ,-5.371290498
1283,-8,76925584472074 ,-8.769255845
1284,-8,76925584472074 ,-8.769255845
1285,-6,40636105606285 ,-6.406361056
1286,-8,76925584469132 ,-8.769255845
1287,-8,76925584472074 ,-8.769255845
1288,-8,76925584132725 ,-8.769255841
1289,-8,76925584472074 ,-8.769255845
1290,-8,76925584472074 ,-8.769255845
1291,-8,76925584472074 ,-8.769255845
1292,-8,76925584472074 ,-8.769255845
1293,-8,76925584472074 ,-8.769255845
1294,-5,75722438016026 ,-5.75722438
1295,-2,96451146357582 ,-2.964511464
1296,-8,76925584472074 ,-8.769255845
1297,-6,41277639517722 ,-6.412776395
1298,-3,59138190772978 ,-3.591381908
1299,-8,76925584472074 ,-8.769255845
1300,-8,76925584472074 ,-8.769255845
1301,-4,55075933301962 ,-4.550759333
1302,-8,76925584472074 ,-8.769255845
1303,-2,61159691450214 ,-2.611596915
1304,-5,37592214347891 ,-5.375922143
1305,-6,41277639517722 ,-6.412776395
1306,-5,36983413645171 ,-5.369834136
1307,-6,41277639517717 ,-6.412776395
1308,-8,76925584472074 ,-8.769255845
1309,-2,14728143631247 ,-2.147281436
1310,-6,41277639517722 ,-6.412776395
1311,-4,38375453542732 ,-4.383754535
1312,-8,76925584472074 ,-8.769255845
1313,-6,41327241000995 ,-6.41327241
1314,-8,76925584472064 ,-8.769255845
1315,-6,41056332069865 ,-6.410563321
1316,-6,41185798703181 ,-6.411857987
1317,-5,76299046687814 ,-5.762990467
1318,-8,76925584472074 ,-8.769255845
1319,-8,76925584472074 ,-8.769255845
1320,-5,76073446865601 ,-5.760734469
1321,-6,41210630175738 ,-6.412106302
1322,-3,32130379461218 ,-3.321303795
1323,-5,75298226239145 ,-5.752982262
1324,-6,41401582486746 ,-6.414015825
1325,-4,86783067434439 ,-4.867830674
1326,-4,86145146753608 ,-4.861451468
1327,-5,75644896883484 ,-5.756448969
1328,-3,58309385452459 ,-3.583093855
1329,-6,41277828711919 ,-6.412778287
1330,-6,41401582486746 ,-6.414015825
1331,-6,41114399510273 ,-6.411143995
1332,-8,76925584472074 ,-8.769255845
1333,0,110811915100336 ,-1.108119151
1334,-5,37659000519748 ,-5.376590005
1335,-5,75735511807104 ,-5.757355118
1336,-8,76925584472074 ,-8.769255845
1337,-6,41327241000995 ,-6.41327241
1338,-6,41145876494045 ,-6.411458765
1339,-6,41550007624983 ,-6.415500076
1340,-5,75981285056421 ,-5.759812851
1341,-6,41401582486746 ,-6.414015825
1342,-3,69675454404451 ,-3.696754544
1343,-5,8509864395102 ,-5.085098644
1344,-8,76925584472074 ,-8.769255845
1345,-8,76925584472074 ,-8.769255845
1346,-5,37085872518472 ,-5.370858725
1347,-6,41550007624984 ,-6.415500076
1348,-5,76080189749891 ,-5.760801897
1349,-4,7334091035492 ,-4.07334091
1350,-8,76925584472074 ,-8.769255845
1351,-6,41401582486746 ,-6.414015825
1352,-6,41210630175738 ,-6.412106302
1353,-6,41164509060779 ,-6.411645091
1354,-6,41129311009022 ,-6.41129311
1355,-2,941632676401 ,-2.009416327
1356,-5,37057571433993 ,-5.370575714
1357,-8,76925584472074 ,-8.769255845
1358,-5,8359870836031 ,-5.083598708
1359,-6,41550007624983 ,-6.415500076
1360,-3,29119875417959 ,-3.291198754
1361,-4,67463564133793 ,-4.674635641
1362,-8,76925584472074 ,-8.769255845
1363,-6,41401582486746 ,-6.414015825
1364,-6,41327241000995 ,-6.41327241
1365,-6,41185798703181 ,-6.411857987
1366,-6,41327241001643 ,-6.41327241
1367,-6,41327241000995 ,-6.41327241
1368,-8,76925584472074 ,-8.769255845
1369,-6,41210890437686 ,-6.412108904
1370,-3,38849398494821 ,-3.388493985
1371,-1,3014530268008 ,-1.030145303
1372,-6,41129311007661 ,-6.41129311
1373,-6,41277639517722 ,-6.412776395
1374,-5,75300647941651 ,-5.753006479
1375,-2,95364985417889 ,-2.953649854
1376,-4,17772905706055 ,-4.177729057
1377,-8,76916204562143 ,-8.769162046
1378,-6,41277639517722 ,-6.412776395
1379,-8,76925584472074 ,-8.769255845
1380,-8,76925584472074 ,-8.769255845
1381,-6,41164509060779 ,-6.411645091
1382,-8,76925584472074 ,-8.769255845
1383,-8,76925584472074 ,-8.769255845
1384,-6,40982031789668 ,-6.409820318
1385,-8,76925584472074 ,-8.769255845
1386,-3,53026727776575 ,-3.530267278
1387,-8,76925584472074 ,-8.769255845
1388,-5,76449025307443 ,-5.764490253
1389,-8,76925584472074 ,-8.769255845
1390,-5,75879581932637 ,-5.758795819
1391,-5,9100669721294 ,-5.091006697
1392,-8,76925584472074 ,-8.769255845
1393,-8,76925584472074 ,-8.769255845
1394,-8,76925584472074 ,-8.769255845
1395,-8,76925584472074 ,-8.769255845
1396,-2,332925484734 ,-2.003329255
1397,-8,76925584472074 ,-8.769255845
1398,-1,31104455662304 ,-1.311044557
1399,-8,76925584472074 ,-8.769255845
1400,-4,13706413134478 ,-4.137064131
1401,-8,76925584472074 ,-8.769255845
1402,-4,24840147046327 ,-4.24840147
1403,-5,9166546737636 ,-5.091665467
1404,-8,76925584472074 ,-8.769255845
1405,-5,8276441242129 ,-5.082764412
1406,-5,8968040515905 ,-5.089680405
1407,-8,76925584472074 ,-8.769255845
1408,-8,76925584472074 ,-8.769255845
1409,-5,8222167037411 ,-5.08222167
1410,-8,76925584472074 ,-8.769255845
1411,-8,76925584472074 ,-8.769255845
1412,-8,76925584472074 ,-8.769255845
1413,-8,76925584472074 ,-8.769255845
1414,-5,75601966428356 ,-5.756019664
1415,-5,75843345955504 ,-5.75843346
1416,-8,76925584472074 ,-8.769255845
1417,-8,76925584472074 ,-8.769255845
1418,-8,76925584472074 ,-8.769255845
1419,-5,76073447014818 ,-5.76073447
1420,-5,75203606586818 ,-5.752036066
1421,-3,10051570524285 ,-3.100515705
1422,-1,93644597842875 ,-1.936445978
1423,-6,41401582486746 ,-6.414015825
1424,-3,13319910784777 ,-3.133199108
1425,-8,76925584472074 ,-8.769255845
1426,-6,41401582486746 ,-6.414015825
1427,-6,41550007624983 ,-6.415500076
1428,-4,68519547569423 ,-4.685195476
1429,-3,49262657034416 ,-3.49262657
1430,-6,41210630175738 ,-6.412106302
1431,-1,53670443381444 ,-1.536704434
1432,-8,76925584472074 ,-8.769255845
1433,-4,8608092250603 ,-4.086080923
1434,-8,76925584472074 ,-8.769255845
1435,-6,41145876494045 ,-6.411458765
1436,-8,76925584472074 ,-8.769255845
1437,-8,76925584472074 ,-8.769255845
1438,-6,41327241000995 ,-6.41327241
1439,-5,880078314807 ,-5.008800783
1440,-8,76925584472074 ,-8.769255845
1441,-8,76925584472074 ,-8.769255845
1442,-8,76916211628508 ,-8.769162116
1443,-5,3710395879772 ,-5.037103959
1444,-5,8961422460491 ,-5.089614225
1445,-1,50777157915992 ,-1.507771579
1446,-5,37954640724315 ,-5.379546407
1447,-8,76925584472074 ,-8.769255845
1448,-8,76925584472074 ,-8.769255845
1449,-6,41277639517722 ,-6.412776395
1450,-8,76925584472074 ,-8.769255845
1451,-4,69010580994664 ,-4.69010581
1452,-6,41401582486746 ,-6.414015825
1453,-8,76925584472074 ,-8.769255845
1454,-4,87022690733029 ,-4.870226907
1455,-5,9151603559845 ,-5.091516036
1456,-6,41014614287499 ,-6.410146143
1457,-8,76925584472074 ,-8.769255845
1458,-8,76925515729721 ,-8.769255157
1459,-4,65769222707753 ,-4.657692227
1460,-5,75997976304563 ,-5.759979763
1461,-6,40994226852237 ,-6.409942269
1462,-6,41401582486746 ,-6.414015825
1463,-6,41327241000995 ,-6.41327241
1464,-2,84254163359256 ,-2.842541634
1465,-6,41145876494045 ,-6.411458765
1466,-4,52600176675235 ,-4.526001767
1467,-8,76925584472074 ,-8.769255845
1468,-5,75524393100042 ,-5.755243931
1469,-5,9121460717773 ,-5.091214607
1470,-6,41401582486746 ,-6.414015825
1471,-3,32160375525169 ,-3.321603755
1472,-2,2339461282244 ,-2.023394613
1473,-8,76925584472074 ,-8.769255845
1474,-6,41550004412395 ,-6.415500044
1475,-5,9070746525936 ,-5.090707465
1476,-4,6105469290022 ,-4.061054693
1477,-3,60802719478542 ,-3.608027195
1478,-8,76925584472074 ,-8.769255845
1479,-6,40924426016357 ,-6.40924426
1480,-5,75595104157669 ,-5.755951042
1481,-8,76925584472074 ,-8.769255845
1482,-3,31347882107293 ,-3.313478821
1483,-2,86687250212601 ,-2.866872502
1484,-8,76925584472074 ,-8.769255845
1485,-4,67680366474603 ,-4.676803665
1486,-8,76925584472074 ,-8.769255845
1487,-6,41327241000995 ,-6.41327241
1488,-8,76925584472074 ,-8.769255845
1489,-8,76925584472074 ,-8.769255845
1490,-6,41210630175738 ,-6.412106302
1491,-4,25257086652824 ,-4.252570867
1492,-6,41277639517722 ,-6.412776395
1493,-6,41550007624983 ,-6.415500076
1494,-8,76925584472074 ,-8.769255845
1495,-6,41145876494696 ,-6.411458765
1496,-8,76925584472074 ,-8.769255845
1497,-8,76925584472074 ,-8.769255845
1498,-8,76925584465946 ,-8.769255845
1499,-5,75613765101224 ,-5.756137651
1500,-5,76148869920916 ,-5.761488699
1501,-5,7555939134706 ,-5.075559391
1502,-8,76925584472074 ,-8.769255845
1503,-4,39953218800582 ,-4.399532188
1504,-5,37616942989042 ,-5.37616943
1505,-4,26651261696151 ,-4.266512617
1506,-2,37708019999963 ,-2.3770802
1507,-6,41401582486746 ,-6.414015825
1508,-8,76925584472074 ,-8.769255845
1509,-4,53211680091408 ,-4.532116801
1510,-6,41401582486746 ,-6.414015825
1511,-5,75716666761679 ,-5.757166668
1512,-6,41240418622659 ,-6.412404186
1513,-6,41210630175738 ,-6.412106302
1514,-5,37189308264907 ,-5.371893083
1515,-8,76925584472074 ,-8.769255845
1516,-8,76925584472074 ,-8.769255845
1517,-8,76925584472074 ,-8.769255845
1518,-5,375724831112 ,-5.003757248
1519,-3,15755173045051 ,-3.15755173
1520,-5,76449025307443 ,-5.764490253
1521,-4,41894593068389 ,-4.418945931
1522,-8,76925584472074 ,-8.769255845
1523,-5,3720706087999 ,-5.037207061
1524,-5,9353737177151 ,-5.093537372
1525,-8,76925584472074 ,-8.769255845
1526,-3,98168635177425 ,-3.981686352
1527,-5,37518046459386 ,-5.375180465
1528,-6,41129311007661 ,-6.41129311
1529,-5,37411897502924 ,-5.374118975
1530,-8,76925584472074 ,-8.769255845
1531,-8,76925584472074 ,-8.769255845
1532,-8,76925584472074 ,-8.769255845
1533,-6,41327241000995 ,-6.41327241
1534,-3,96365431040346 ,-3.96365431
1535,-8,76925584472074 ,-8.769255845
1536,-8,76925584472074 ,-8.769255845
1537,-8,76925584472074 ,-8.769255845
1538,-5,3667098143229 ,-5.036670981
1539,-8,76925584472074 ,-8.769255845
1540,-8,76925584472074 ,-8.769255845
1541,-8,76925584472074 ,-8.769255845
1542,-6,41401582486746 ,-6.414015825
1543,-5,37444036784615 ,-5.374440368
1544,-8,76925584472074 ,-8.769255845
1545,-8,76925584472074 ,-8.769255845
1546,-8,76925584472074 ,-8.769255845
1547,-6,41076936373693 ,-6.410769364
1548,-6,41210630175738 ,-6.412106302
1549,-6,41327241000995 ,-6.41327241
1550,-3,16112564112056 ,-3.161125641
1551,-8,76925584472074 ,-8.769255845
1552,-3,89739102102767 ,-3.897391021
1553,-8,76925584472074 ,-8.769255845
1554,-8,76925584472074 ,-8.769255845
1555,-2,49363884662589 ,-2.493638847
1556,-8,76925584472064 ,-8.769255845
1557,-5,76135639173392 ,-5.761356392
1558,-8,76925584472074 ,-8.769255845
1559,-8,76925584472074 ,-8.769255845
1560,-8,76925584472074 ,-8.769255845
1561,-4,40649913146279 ,-4.406499131
1562,-5,75747194579996 ,-5.757471946
1563,-3,96725615481075 ,-3.967256155
1564,-8,76925584472074 ,-8.769255845
1565,-5,899093072694 ,-5.008990931
1566,-4,68188804596623 ,-4.681888046
1567,-6,41047005360757 ,-6.410470054
1568,-3,1405962048879 ,-3.01405962
1569,-8,76925584472074 ,-8.769255845
1570,-2,28056989883359 ,-2.280569899
1571,-6,41277639517722 ,-6.412776395
1572,-4,86212278364637 ,-4.862122784
1573,-3,83462649144679 ,-3.834626491
1574,-8,76925584472074 ,-8.769255845
1575,-5,9428745795687 ,-5.094287458
1576,-6,41327241000995 ,-6.41327241
1577,-8,76925584472074 ,-8.769255845
1578,-8,76925584472074 ,-8.769255845
1579,-8,76925584472074 ,-8.769255845
1580,-5,36519292392812 ,-5.365192924
1581,-8,76925584472074 ,-8.769255845
1582,-8,76925584472074 ,-8.769255845
1583,-6,41240418581711 ,-6.412404186
1584,-4,68170655520764 ,-4.681706555
1585,-3,2974867288794 ,-3.029748673
1586,-4,6833153019484 ,-4.06833153
1587,-8,76925584472074 ,-8.769255845
1588,-8,76925584472074 ,-8.769255845
1589,-8,76925584472064 ,-8.769255845
1590,-5,76023073296341 ,-5.760230733
1591,-6,40769744083183 ,-6.407697441
1592,-4,6802775567515 ,-4.068027756
1593,-4,8163778220553 ,-4.081637782
1594,-5,7742053446669 ,-5.077420534
1595,-8,76925584472074 ,-8.769255845
1596,-5,75711040744622 ,-5.757110407
1597,-8,76925583211178 ,-8.769255832
1598,-5,75985253869969 ,-5.759852539
1599,-8,76925584472074 ,-8.769255845
1600,-8,76925584472074 ,-8.769255845
1601,-5,37031072471766 ,-5.370310725
1602,-8,76925584472074 ,-8.769255845
1603,-8,76925584472074 ,-8.769255845
1604,-4,6886253980795 ,-4.06886254
1605,-4,16511644607887 ,-4.165116446
1606,-1,58770648427846 ,-1.587706484
1607,-2,46211200280443 ,-2.462112003
1608,-8,76925584472074 ,-8.769255845
1609,-8,76925584472074 ,-8.769255845
1610,-8,76925584472074 ,-8.769255845
1611,-8,76925584472074 ,-8.769255845
1612,-8,76925584472074 ,-8.769255845
1613,-8,76925584472074 ,-8.769255845
1614,-8,76925584472074 ,-8.769255845
1615,-6,41240418622659 ,-6.412404186
1616,-8,76925584472074 ,-8.769255845
1617,-3,67958509341445 ,-3.679585093
1618,-8,76925584472029 ,-8.769255845
1619,-8,76925584472074 ,-8.769255845
1620,-5,76058571620902 ,-5.760585716
1621,-6,40920493660523 ,-6.409204937
1622,-8,76925584472074 ,-8.769255845
1623,-6,4155000762563 ,-6.041550008
1624,-8,76925584472074 ,-8.769255845
1625,-6,41185798703181 ,-6.411857987
1626,-6,41114399510273 ,-6.411143995
1627,-6,41550007624983 ,-6.415500076
1628,-6,41327241000995 ,-6.41327241
1629,-8,76925584472074 ,-8.769255845
1630,-8,76925584472074 ,-8.769255845
1631,-8,76925584472064 ,-8.769255845
1632,-5,36922528556247 ,-5.369225286
1633,-6,41327241000995 ,-6.41327241
1634,-8,76925584472074 ,-8.769255845
1635,-8,76925584472074 ,-8.769255845
1636,-8,76925584472074 ,-8.769255845
1637,-8,76925584472074 ,-8.769255845
1638,-3,83870658508183 ,-3.838706585
1639,-4,67383092601112 ,-4.673830926
1640,-5,37496826431154 ,-5.374968264
1641,-5,76105401007253 ,-5.76105401
1642,-8,76925584472074 ,-8.769255845
1643,-6,41550007624983 ,-6.415500076
1644,-8,76925584472074 ,-8.769255845
1645,-6,41277639517722 ,-6.412776395
1646,-4,86629635679003 ,-4.866296357
1647,-8,76925584472074 ,-8.769255845
1648,-8,76925584472064 ,-8.769255845
1649,-8,76925584472074 ,-8.769255845
1650,-4,69751326819575 ,-4.697513268
1651,-6,41210630175738 ,-6.412106302
1652,-8,76925584472074 ,-8.769255845
1653,-8,76925584472074 ,-8.769255845
1654,-8,76925584472074 ,-8.769255845
1655,-6,41100841511967 ,-6.411008415
1656,-4,37730176545398 ,-4.377301765
1657,-5,3741015304158 ,-5.037410153
1658,-4,52885856563553 ,-4.528858566
1659,-5,75044902923982 ,-5.750449029
1660,-2,97001737086276 ,-2.970017371
1661,-8,76925584472074 ,-8.769255845
1662,-8,76925584472074 ,-8.769255845
1663,-3,25544470073427 ,-3.255444701
1664,-1,75673118742603 ,-1.756731187
1665,-6,41550010301471 ,-6.415500103
1666,-3,45141367072424 ,-3.451413671
1667,-4,15697223886512 ,-4.156972239
1668,-2,63599910417436 ,-2.635999104
1669,-6,41401582486746 ,-6.414015825
1670,-2,27310574797266 ,-2.273105748
1671,-8,76925584472074 ,-8.769255845
1672,-5,75592306446695 ,-5.755923064
1673,-3,72362459590788 ,-3.723624596
1674,-8,76925584472074 ,-8.769255845
1675,-6,41210630175738 ,-6.412106302
1676,-6,41164509060779 ,-6.411645091
1677,-8,76925584472074 ,-8.769255845
1678,-8,76925584472074 ,-8.769255845
1679,-8,76925584465941 ,-8.769255845
1680,-4,16244755466619 ,-4.162447555
1681,-6,41129311007661 ,-6.41129311
1682,-4,52259701102027 ,-4.522597011
1683,-2,89242936889041 ,-2.892429369
1684,-4,40406097224981 ,-4.404060972
1685,-8,76925584472074 ,-8.769255845
1686,-2,14152958174186 ,-2.141529582
1687,-3,97736331986679 ,-3.97736332
1688,-8,76925584472074 ,-8.769255845
1689,-6,41550007624983 ,-6.415500076
1690,-6,40960271593811 ,-6.409602716
1691,-6,41327241000995 ,-6.41327241
1692,-5,37236262028878 ,-5.37236262
1693,-6,41327241000995 ,-6.41327241
1694,-1,92423985746573 ,-1.924239857
1695,-8,76925584472074 ,-8.769255845
1696,-4,8630072065449 ,-4.086300721
1697,-3,43348968787781 ,-3.433489688
1698,-8,76925584472074 ,-8.769255845
1699,-5,37433361808639 ,-5.374333618
1700,-6,41000718707718 ,-6.410007187
1701,-3,37260194761332 ,-3.372601948
1702,-8,76925584472074 ,-8.769255845
1703,-4,8697998502721 ,-4.086979985
1704,-8,76925584472074 ,-8.769255845
1705,-8,76925584472074 ,-8.769255845
1706,-8,76925584472074 ,-8.769255845
1707,-8,76925584472074 ,-8.769255845
1708,-8,76925584472074 ,-8.769255845
1709,-8,76925584472074 ,-8.769255845
1710,-6,41550007625629 ,-6.415500076
1711,-6,41100841511609 ,-6.411008415
1712,-8,76925584472074 ,-8.769255845
1713,-4,86862474769645 ,-4.868624748
1714,-6,41076936373691 ,-6.410769364
1715,-5,908789847795 ,-5.009087898
1716,-8,76925584472074 ,-8.769255845
1717,-6,40960271594167 ,-6.409602716
1718,-6,41047005361103 ,-6.410470054
1719,-5,76299046070882 ,-5.762990461
1720,-8,76925584472074 ,-8.769255845
1721,-8,76925584472074 ,-8.769255845
1722,-3,95198429096113 ,-3.951984291
1723,-5,37621310412254 ,-5.376213104
1724,-6,40701430665668 ,-6.407014307
1725,-8,76925584472074 ,-8.769255845
1726,-6,41022078283611 ,-6.410220783
1727,-8,76925584472074 ,-8.769255845
1728,-4,65896488167098 ,-4.658964882
1729,-8,76925584472074 ,-8.769255845
1730,-6,41277639517722 ,-6.412776395
1731,-8,76925584472074 ,-8.769255845
1732,-2,40200388946482 ,-2.402003889
1733,-5,9403821469913 ,-5.094038215
1734,-5,36897525537806 ,-5.368975255
1735,-8,76925584472074 ,-8.769255845
1736,-5,74966378805003 ,-5.749663788
1737,-8,76925584472074 ,-8.769255845
1738,-2,43120662379647 ,-2.431206624
1739,-8,76925584472074 ,-8.769255845
1740,-4,9186931647283 ,-4.091869316
1741,-6,41550007624983 ,-6.415500076
1742,-4,6853905338086 ,-4.068539053
1743,-5,37081628933479 ,-5.370816289
1744,0,603036442547758 ,-6.030364425
1745,-5,903899340744 ,-5.009038993
1746,-8,76925584472074 ,-8.769255845
1747,-6,41401582486746 ,-6.414015825
1748,-8,76925584472074 ,-8.769255845
1749,-4,51295523578864 ,-4.512955236
1750,-8,76925584472074 ,-8.769255845
1751,-8,76925584472074 ,-8.769255845
1752,-8,76925584472074 ,-8.769255845
1753,-8,76925584472074 ,-8.769255845
1754,-4,39842354585339 ,-4.398423546
1755,-4,53269885559441 ,-4.532698856
1756,-5,75614705004466 ,-5.75614705
1757,-4,69646145348206 ,-4.696461453
1758,-8,76925517008362 ,-8.76925517
1759,-2,55367584684748 ,-2.553675847
1760,-8,76925584472074 ,-8.769255845
1761,-5,75997976301232 ,-5.759979763
1762,-6,41240418622659 ,-6.412404186
1763,-4,39033053178813 ,-4.390330532
1764,-4,36917215064151 ,-4.369172151
1765,-8,76925584472074 ,-8.769255845
1766,-8,76925584472074 ,-8.769255845
1767,-8,76925584472074 ,-8.769255845
1768,-6,40796037702614 ,-6.407960377
1769,-2,72163189978681 ,-2.7216319
1770,-6,41401582486746 ,-6.414015825
1771,-3,46190452810953 ,-3.461904528
1772,-3,75222708925278 ,-3.752227089
1773,-3,75256006627805 ,-3.752560066
1774,-8,76925584472074 ,-8.769255845
1775,-8,76925584472074 ,-8.769255845
1776,-6,41240418622659 ,-6.412404186
1777,-6,4155000762563 ,-6.041550008
1778,-6,41401582486746 ,-6.414015825
1779,-8,76925584472074 ,-8.769255845
1780,-8,76925584472074 ,-8.769255845
1781,-5,37609574650181 ,-5.376095747
1782,-5,37428732208256 ,-5.374287322
1783,-5,37733048944937 ,-5.377330489
1784,-6,41401582486746 ,-6.414015825
1785,-8,76925584472074 ,-8.769255845
1786,-6,41164509060779 ,-6.411645091
1787,-8,76925584472074 ,-8.769255845
1788,-3,50642338089268 ,-3.506423381
1789,-3,98897175473752 ,-3.988971755
1790,-8,76925584472074 ,-8.769255845
1791,-3,97714448759078 ,-3.977144488
1792,-4,18735078457244 ,-4.187350785
1793,-6,41401582486747 ,-6.414015825
1794,-3,9079767531611 ,-3.090797675
1795,-2,23690057854214 ,-2.236900579
1796,-8,76925584472074 ,-8.769255845
1797,-8,76925584472074 ,-8.769255845
1798,-2,30293302977582 ,-2.30293303
1799,-5,75803818681119 ,-5.758038187
1800,-3,34944759253713 ,-3.349447593
1801,-5,75947571318302 ,-5.759475713
1802,-8,76925584472074 ,-8.769255845
1803,-8,76925584472074 ,-8.769255845
1804,-8,76925584472074 ,-8.769255845
1805,-8,76925584472074 ,-8.769255845
1806,-8,76916208820759 ,-8.769162088
1807,-8,76925584472074 ,-8.769255845
1808,-6,41066290410873 ,-6.410662904
1809,-3,9336139215 ,-3.000093361
1810,-5,76299046070881 ,-5.762990461
1811,-3,26108183324984 ,-3.261081833
1812,-5,37360155066694 ,-5.373601551
1813,-8,76925584472074 ,-8.769255845
1814,-6,41145876494045 ,-6.411458765
1815,-8,76925584472074 ,-8.769255845
1816,-8,76925584472074 ,-8.769255845
1817,-8,76925584472074 ,-8.769255845
1818,-8,76925584472074 ,-8.769255845
1819,-6,41277639517722 ,-6.412776395
1820,-6,41007505174617 ,-6.410075052
1821,-6,41401582486749 ,-6.414015825
1822,-5,75790609872981 ,-5.757906099
1823,-8,76925584472074 ,-8.769255845
1824,-8,76925584472074 ,-8.769255845
1825,-2,59194487417463 ,-2.591944874
1826,-8,76925584472074 ,-8.769255845
1827,-3,41386940764566 ,-3.413869408
1828,-5,75543417940319 ,-5.755434179
1829,-8,76925584472074 ,-8.769255845
1830,-5,7629840425767 ,-5.076298404
1831,-8,76925584472074 ,-8.769255845
1832,-5,36812228509623 ,-5.368122285
1833,-8,76925584472074 ,-8.769255845
1834,-4,84692486599022 ,-4.846924866
1835,-3,67009161808035 ,-3.670091618
1836,-6,41240418622659 ,-6.412404186
1837,0,635364041433515 ,-6.353640414
1838,-8,76925584472074 ,-8.769255845
1839,-8,76925583211362 ,-8.769255832
1840,-6,41100841511967 ,-6.411008415
1841,-4,38755799574015 ,-4.387557996
1842,-6,41145876494045 ,-6.411458765
1843,-3,8927154651733 ,-3.089271547
1844,-5,75798078597362 ,-5.757980786
1845,0,548860395588749 ,-5.488603956
1846,-6,41240418622659 ,-6.412404186
1847,-8,76925584472064 ,-8.769255845
1848,-3,58934939603423 ,-3.589349396
1849,-5,37507599658366 ,-5.375075997
1850,-4,87090214663246 ,-4.870902147
1851,-6,41240418622662 ,-6.412404186
1852,-3,526691999632 ,-3.00526692
1853,-6,41550004417744 ,-6.415500044
1854,-8,76925584472074 ,-8.769255845
1855,-5,76023221410518 ,-5.760232214
1856,-8,76925584469138 ,-8.769255845
1857,-3,89522063334782 ,-3.895220633
1858,-6,41022078283611 ,-6.410220783
1859,-4,86845526898322 ,-4.868455269
1860,-6,410884116056 ,-6.004108841
1861,-8,76925584472064 ,-8.769255845
1862,-2,78578247347461 ,-2.785782473
1863,-8,76925584472074 ,-8.769255845
1864,-8,76925584472074 ,-8.769255845
1865,-6,41401582486746 ,-6.414015825
1866,-6,41277639517722 ,-6.412776395
1867,-8,76925584472074 ,-8.769255845
1868,0,123994772756167 ,-1.239947728
1869,-6,41210630175738 ,-6.412106302
1870,-5,76223719952672 ,-5.7622372
1871,-8,76925584472074 ,-8.769255845
1872,-6,41164509060779 ,-6.411645091
1873,-5,75947571318302 ,-5.759475713
1874,-6,41550007624983 ,-6.415500076
1875,-6,41145876494045 ,-6.411458765
1876,-5,37700463307661 ,-5.377004633
1877,-5,76073445034285 ,-5.76073445
1878,-8,76925584472074 ,-8.769255845
1879,-8,76925584472074 ,-8.769255845
1880,-8,76925584472074 ,-8.769255845
1881,-8,76925584472074 ,-8.769255845
1882,-8,76925584472074 ,-8.769255845
1883,-6,41401582486746 ,-6.414015825
1884,-8,76925584472074 ,-8.769255845
1885,-8,769255841326 ,-8.007692558
1886,-8,76925584472074 ,-8.769255845
1887,-8,76925584472074 ,-8.769255845
1888,-5,7562366497896 ,-5.075623665
1889,-8,76925584472074 ,-8.769255845
1890,-5,37592214347891 ,-5.375922143
1891,-8,76925584472074 ,-8.769255845
1892,-8,76925584472074 ,-8.769255845
1893,-6,41401582486746 ,-6.414015825
1894,-6,41114399510273 ,-6.411143995
1895,-6,41145876494045 ,-6.411458765
1896,-5,76223719952303 ,-5.7622372
1897,-6,41327241000995 ,-6.41327241
1898,-6,41277639517721 ,-6.412776395
1899,-3,94731279553861 ,-3.947312796
1900,-6,41550007625277 ,-6.415500076
1901,-8,76925584472074 ,-8.769255845
1902,-6,41145876494045 ,-6.411458765
1903,-1,33010650964417 ,-1.33010651
1904,-8,76925584472074 ,-8.769255845
1905,-4,86501765038215 ,-4.86501765
1906,-4,83669913112633 ,-4.836699131
1907,-6,40916661980014 ,-6.40916662
1908,-8,76925584472074 ,-8.769255845
1909,-8,76925584472074 ,-8.769255845
1910,-6,41327241000995 ,-6.41327241
1911,-8,76925584472064 ,-8.769255845
1912,-3,52964768733038 ,-3.529647687
1913,-8,76925584472074 ,-8.769255845
1914,-8,76925584472074 ,-8.769255845
1915,-4,39611119686492 ,-4.396111197
1916,-6,41327241000995 ,-6.41327241
1917,-6,41277639517722 ,-6.412776395
1918,-3,29012952345646 ,-3.290129523
1919,-3,21924279413306 ,-3.219242794
1920,-8,76925584472074 ,-8.769255845
1921,-5,75897145580478 ,-5.758971456
1922,-2,85345375676277 ,-2.853453757
1923,-5,75212650441101 ,-5.752126504
1924,-8,76925584472074 ,-8.769255845
1925,-5,36445817687837 ,-5.364458177
1926,-5,75221332888493 ,-5.752213329
1927,-8,76925584472074 ,-8.769255845
1928,-6,41240418622659 ,-6.412404186
1929,-5,76223719952303 ,-5.7622372
1930,-6,41210630175738 ,-6.412106302
1931,-5,76449025307443 ,-5.764490253
1932,-6,41327241000995 ,-6.41327241
1933,-6,41129311007661 ,-6.41129311
1934,-6,41210630135121 ,-6.412106301
1935,-6,41076936373693 ,-6.410769364
1936,-5,75772562649584 ,-5.757725626
1937,-4,1693579241427 ,-4.016935792
1938,-2,5564565475821 ,-2.055645655
1939,-8,76925584472074 ,-8.769255845
1940,-8,76925584472074 ,-8.769255845
1941,-8,76925584472074 ,-8.769255845
1942,-5,75929732382153 ,-5.759297324
1943,-6,41550007624983 ,-6.415500076
1944,-5,75553418773553 ,-5.755534188
1945,-1,84765195823263 ,-1.847651958
1946,-8,76925584472074 ,-8.769255845
1947,-6,41401582486746 ,-6.414015825
1948,-8,76925584472074 ,-8.769255845
1949,-6,41186291694832 ,-6.411862917
1950,-6,41240418622659 ,-6.412404186
1951,-5,8274761871115 ,-5.082747619
1952,-6,41056592751437 ,-6.410565928
1953,-8,76925584472074 ,-8.769255845
1954,-5,75781529677068 ,-5.757815297
1955,-8,76925584472074 ,-8.769255845
1956,-5,8567259938772 ,-5.085672599
1957,-8,76925584472074 ,-8.769255845
1958,-8,76925584472074 ,-8.769255845
1959,-8,76925584472074 ,-8.769255845
1960,-1,49771388434304 ,-1.497713884
1961,-8,76925584472074 ,-8.769255845
1962,-5,75717234238127 ,-5.757172342
1963,-8,76925584472074 ,-8.769255845
1964,-5,75153713030741 ,-5.75153713
